,project,cnt,source
5,palantir/gradle-conjure,51,new_pullreq.csv
123,GNOME/gnome-builder,1,organization.csv
441,neo4j-contrib/neo4j-graph-algorithms,144,new_pullreq.csv
104,material-components/material-components-android,63,new_pullreq.csv
688,apache/rocketmq,457,new_pullreq.csv
292,DigitalPebble/storm-crawler,94,new_pullreq.csv
234,robertbachmann/openbsd-libcrypto,1,organization.csv
92,Wynntils/Wynntils,61,new_pullreq.csv
500,Sage-Bionetworks/Synapse-Repository-Services,174,new_pullreq.csv
353,WarzoneMC/Warzone,109,new_pullreq.csv
5,puppetlabs/puppet,1,organization.csv
22,molgenis/molgenis,53,new_pullreq.csv
127,rsksmart/rskj,66,new_pullreq.csv
641,kiegroup/kie-wb-common,321,new_pullreq.csv
744,MovingBlocks/Terasology,1062,new_pullreq.csv
19,twitter/commons,1,organization.csv
385,palantir/tracing-java,120,new_pullreq.csv
399,wso2/carbon-data,125,new_pullreq.csv
94,godsangin/MyDay,62,new_pullreq.csv
48,romannurik/muzei,55,new_pullreq.csv
545,HubSpot/Singularity,203,new_pullreq.csv
9,apache/hbase,1,historical_projects.csv
457,jpos/jPOS,150,new_pullreq.csv
222,Yakindu/statecharts,81,new_pullreq.csv
174,benshope/w5d4,1,organization.csv
310,entando/entando-components,99,new_pullreq.csv
760,spring-projects/spring-boot,2439,new_pullreq.csv
63,reaktivity/nukleus-http.java,57,new_pullreq.csv
398,spring-cloud/spring-cloud-stream,125,new_pullreq.csv
75,julianhyde/sqlline,59,new_pullreq.csv
3,modcluster/mod_cluster,51,new_pullreq.csv
188,microclimate-dev2ops/microclimate-eclipse-tools,74,new_pullreq.csv
562,kiegroup/drools-wb,223,new_pullreq.csv
125,Jasig/email-preview,66,new_pullreq.csv
34,openemr/openemr,1,organization.csv
366,javalite/activejdbc,114,new_pullreq.csv
690,wso2/carbon-mediation,462,new_pullreq.csv
754,keycloak/keycloak,1527,new_pullreq.csv
389,yahoo/athenz,122,new_pullreq.csv
87,facebook/libphenom,1,organization.csv
28,eclipse/gef,54,new_pullreq.csv
165,hasadna/hasadna,71,new_pullreq.csv
18,aliyun/aliyun-oss-java-sdk,53,new_pullreq.csv
37,twitter/twemproxy,1,organization.csv
270,killbilling/recurly-java-library,89,new_pullreq.csv
180,richistron/slim-services,1,organization.csv
249,Robbi-Blechdose/StarTrekMod,1,organization.csv
330,WASdev/ci.maven,103,new_pullreq.csv
701,systers/powerup-android,499,new_pullreq.csv
495,vaadin/flow,172,new_pullreq.csv
602,mcMMO-Dev/mcMMO,264,new_pullreq.csv
52,jenkinsci/violations-plugin,1,organization.csv
388,SimpleMobileTools/Simple-Notes,121,new_pullreq.csv
737,Activiti/Activiti,897,new_pullreq.csv
239,traccar/traccar,83,new_pullreq.csv
102,iipc/openwayback,63,new_pullreq.csv
138,dotnet/roslyn,1,organization.csv
699,Catrobat/Catroid,491,new_pullreq.csv
301,Oracle/helidon,96,new_pullreq.csv
30,joyent/http-parser,1,organization.csv
18,github/janky,1,organization.csv
130,facebook/osquery,1,organization.csv
425,spring-projects/spring-data-redis,133,new_pullreq.csv
204,castoridae/naval-battle-sim,1,organization.csv
311,Netflix/hollow,99,new_pullreq.csv
220,praetorius/demo1,1,organization.csv
404,jenkinsci/subversion-plugin,126,new_pullreq.csv
740,openhab/openhab2-addons,973,new_pullreq.csv
567,spring-cloud/spring-cloud-config,226,new_pullreq.csv
218,timbooker/Simple.Data.Linqpad.Tracelistener,1,organization.csv
229,crisguitar/ProjectEulerProblems,1,organization.csv
698,apache/calcite,487,new_pullreq.csv
287,tatelucas/mayan,1,organization.csv
665,DHIS2/dhis2-core,363,new_pullreq.csv
260,biwin/eleven,1,organization.csv
87,Intelehealth/Android-Mobile-Client,61,new_pullreq.csv
669,knowm/XChange,370,new_pullreq.csv
262,Impulser/OpenRSS,1,organization.csv
720,apereo/cas,681,new_pullreq.csv
730,apache/nifi,790,new_pullreq.csv
90,google/oauth2client,1,organization.csv
400,zmxv/react-native-sound,125,new_pullreq.csv
738,osmandapp/Osmand,935,new_pullreq.csv
631,mattermost/mattermost-selenium,307,new_pullreq.csv
655,docker-java/docker-java,345,new_pullreq.csv
309,qos-ch/slf4j,98,new_pullreq.csv
728,JMRI/JMRI,775,new_pullreq.csv
578,facebook/facebook-android-sdk,237,new_pullreq.csv
339,openelisglobal/openelisglobal-core,105,new_pullreq.csv
683,wso2/carbon-kernel,427,new_pullreq.csv
297,Marghytis/SarahsWorld,1,organization.csv
49,spotify/heroic,55,new_pullreq.csv
209,UTAustin/php-site-spring2013,1,organization.csv
167,makavellious/sample_app,1,organization.csv
503,deeplearning4j/dl4j-examples,177,new_pullreq.csv
224,farin/JCloisterZone,82,new_pullreq.csv
232,valerie7869/sample_app4,1,organization.csv
396,eclipse/rdf4j,124,new_pullreq.csv
749,apache/beam,1163,new_pullreq.csv
715,spring-projects/spring-security,627,new_pullreq.csv
185,asciidoctor/asciidoctorj,74,new_pullreq.csv
24,NYPL-Simplified/android,53,new_pullreq.csv
125,google/transitfeed,1,organization.csv
288,matthewhoendorf/hoendomd-lab06-IntList-master,1,organization.csv
490,reactor/reactor-core,165,new_pullreq.csv
159,phoenixnap/springmvc-raml-plugin,70,new_pullreq.csv
66,apache/james-project,58,new_pullreq.csv
171,WinSir/WinSir.Tools.Markdown.PhotosPost,1,organization.csv
57,apache/maven,1,organization.csv
69,imageworks/OpenCue,58,new_pullreq.csv
196,shopizer-ecommerce/shopizer,75,new_pullreq.csv
307,threerings/getdown,97,new_pullreq.csv
552,pentaho/pentaho-platform-plugin-reporting,208,new_pullreq.csv
135,proofpoint/platform,67,new_pullreq.csv
368,vert-x3/vertx-examples,114,new_pullreq.csv
119,maks/MGit,65,new_pullreq.csv
152,hflicka/django-autoload,1,organization.csv
331,wiglenet/wigle-wifi-wardriving,103,new_pullreq.csv
755,spring-projects/spring-framework,1566,new_pullreq.csv
181,andreeasandu/wim,1,organization.csv
237,msoltysik/Flask-Mega-Tutorial,1,organization.csv
334,jhipster/jhipster,104,new_pullreq.csv
667,belaban/JGroups,366,new_pullreq.csv
170,Jim-Holmstroem/SQLightning,1,organization.csv
657,GoCD/GoCD,345,new_pullreq.csv
351,RoaringBitmap/RoaringBitmap,109,new_pullreq.csv
300,intuit/karate,96,new_pullreq.csv
228,zwgirl/summer,1,organization.csv
15,vert-x3/vertx-codegen,52,new_pullreq.csv
541,timols/java-gitlab-api,201,new_pullreq.csv
706,siacs/Conversations,542,new_pullreq.csv
145,nuxeo/nuxeo,69,new_pullreq.csv
451,broadinstitute/picard,148,new_pullreq.csv
751,Alluxio/alluxio,1182,new_pullreq.csv
312,Oshi/oshi,99,new_pullreq.csv
284,ItWorksOnMyMachine/HuntTheWumpus_SHS,1,organization.csv
246,hectormoreno87/FinditOut,1,organization.csv
167,aaberg/sql2o,72,new_pullreq.csv
267,Ullink/simple-slack-api,88,new_pullreq.csv
272,PebbleTemplates/pebble,89,new_pullreq.csv
533,umple/Umple,194,new_pullreq.csv
193,Direwolf20-MC/BuildingGadgets,75,new_pullreq.csv
446,OHDSI/WebAPI,146,new_pullreq.csv
85,phalcon/zephir,1,organization.csv
137,apache/flink,1,organization.csv
618,k0shk0sh/FastHub,290,new_pullreq.csv
260,openlattice/conductor-client,87,new_pullreq.csv
139,Microsoft/CodeContracts,1,organization.csv
223,adempiere/adempiere,82,new_pullreq.csv
542,craftercms/studio,202,new_pullreq.csv
336,rt2zz/react-native-contacts,104,new_pullreq.csv
437,raoulvdberge/refinedstorage,143,new_pullreq.csv
45,apache/camel,1,organization.csv
226,thiendv/GSO,1,organization.csv
468,jOOQ/jOOQ,155,new_pullreq.csv
235,mybatis/spring,83,new_pullreq.csv
477,apache/phoenix,159,new_pullreq.csv
473,oskariorg/oskari-server,157,new_pullreq.csv
198,rwieckowski/demo-dynamic-proxy,1,organization.csv
180,frederikam/Lavalink,73,new_pullreq.csv
588,Netflix/Hystrix,247,new_pullreq.csv
121,apache/usergrid,66,new_pullreq.csv
100,airbnb/plog,1,organization.csv
595,sevntu-checkstyle/sevntu.checkstyle,252,new_pullreq.csv
609,telstra/open-kilda,279,new_pullreq.csv
77,confluentinc/kafka-streams-examples,60,new_pullreq.csv
634,neo4j/neo4j,314,new_pullreq.csv
378,jMetal/jMetal,118,new_pullreq.csv
52,terasolunaorg/terasoluna-tourreservation-mybatis3,55,new_pullreq.csv
308,wso2/wso2-axis2-transports,97,new_pullreq.csv
74,jshiell/checkstyle-idea,59,new_pullreq.csv
22,reddit/reddit,1,organization.csv
98,Stratio/bdt,62,new_pullreq.csv
126,junkdog/artemis-odb,66,new_pullreq.csv
263,flori/json,88,new_pullreq.csv
155,Mantaro/MantaroBot,70,new_pullreq.csv
447,real-logic/Aeron,146,new_pullreq.csv
646,unclebob/fitnesse,327,new_pullreq.csv
95,NativeScript/android-runtime,62,new_pullreq.csv
139,google/auto,68,new_pullreq.csv
250,lizuqiliang/AssassinPlatformerGame,1,organization.csv
519,Wikia/selenium-tests,181,new_pullreq.csv
2,joel-costigliola/assertj-core,1,historical_projects.csv
14,github/github-services,1,organization.csv
608,triplea-game/triplea,278,new_pullreq.csv
297,Line/armeria,95,new_pullreq.csv
13,SpongePowered/SpongeForge,52,new_pullreq.csv
272,oorion/chess,1,organization.csv
483,wala/WALA,160,new_pullreq.csv
440,MinecraftForge/ForgeGradle,144,new_pullreq.csv
140,chef/chef,1,organization.csv
93,twbs/bootstrap-sass,1,organization.csv
225,googlesamples/android-testing,82,new_pullreq.csv
371,arx-deidentifier/arx,116,new_pullreq.csv
700,openfoodfacts/OpenFoodFacts-androidApp,496,new_pullreq.csv
148,facebook/augmented-traffic-control,1,organization.csv
62,aws/aws-sdk-java,1,organization.csv
419,spring-cloud/spring-cloud-sleuth,131,new_pullreq.csv
283,wncc/InstiApp,91,new_pullreq.csv
518,eirslett/frontend-maven-plugin,181,new_pullreq.csv
280,stevewitman/rails-practice-nested-resources,1,organization.csv
573,neo4j-contrib/neo4j-apoc-procedures,233,new_pullreq.csv
337,SimpleMobileTools/Simple-Music-Player,104,new_pullreq.csv
664,dropwizard/metrics,360,new_pullreq.csv
270,korugant/nbad-xtra-assignment,1,organization.csv
67,dkanada/frost,58,new_pullreq.csv
14,qos-ch/logback,1,historical_projects.csv
146,vaadin/beverage-starter-flow,69,new_pullreq.csv
207,Waikato/moa,77,new_pullreq.csv
303,z20905547/httpInterface,96,new_pullreq.csv
579,floodlight/floodlight,238,new_pullreq.csv
662,Innoxia/liliths-throne-public,355,new_pullreq.csv
620,apache/bookkeeper,292,new_pullreq.csv
226,GregTechCE/GregTech,82,new_pullreq.csv
143,dotnet/codeformatter,1,organization.csv
200,bilastom/demo_app,1,organization.csv
94,google/skia,1,organization.csv
76,mapbox/mapbox-java,59,new_pullreq.csv
121,google/angle,1,organization.csv
742,apache/zeppelin,983,new_pullreq.csv
511,watson-developer-cloud/java-sdk,179,new_pullreq.csv
95,jenkinsci/docker-plugin,1,organization.csv
10,DataDog/jmxfetch,52,new_pullreq.csv
11,mongodb/mongo-php-driver,1,organization.csv
91,facebook/rocksdb,1,organization.csv
109,Ensembl/ensj-healthcheck,64,new_pullreq.csv
82,github/github-ldap,1,organization.csv
703,googleapis/google-cloud-java,530,new_pullreq.csv
625,Blood-Asp/GT5-Unofficial,298,new_pullreq.csv
194,Glitchfiend/ToughAsNails,75,new_pullreq.csv
584,pac4j/pac4j,244,new_pullreq.csv
422,apache/servicemix-bundles,132,new_pullreq.csv
54,apache/lucy,1,organization.csv
236,Youngs285/Chapter5Problems,1,organization.csv
73,folio-org/mod-circulation,59,new_pullreq.csv
99,thoughtbot/gitsh,1,organization.csv
445,JetBrains/ideavim,146,new_pullreq.csv
16,twitter/twitter-cldr-rb,1,organization.csv
580,web3j/web3j,239,new_pullreq.csv
525,gchq/Gaffer,186,new_pullreq.csv
381,zeromq/jeromq,118,new_pullreq.csv
59,sudheermaddukuri/yfsevents,56,new_pullreq.csv
290,mohamedahmedabdelfattah/System-Outage,1,organization.csv
181,looly/hutool,73,new_pullreq.csv
23,undertow-io/undertow,1,historical_projects.csv
168,ekingery/Bar-Napkin,1,organization.csv
203,SkriptLang/Skript,76,new_pullreq.csv
390,Backendless/Android-SDK,123,new_pullreq.csv
118,facebook/fb-adb,1,organization.csv
111,jlegewie/zotfile,64,new_pullreq.csv
590,kiegroup/droolsjbpm-integration,249,new_pullreq.csv
702,antlr/antlr4,530,new_pullreq.csv
640,WayofTime/BloodMagic,320,new_pullreq.csv
470,JSQLParser/JSqlParser,156,new_pullreq.csv
630,grpc/grpc-java,307,new_pullreq.csv
81,twitter/hraven,1,organization.csv
727,grails/grails-core,762,new_pullreq.csv
587,jenkinsci/git-client-plugin,246,new_pullreq.csv
354,grassrootza/grassroot-platform,110,new_pullreq.csv
267,Dorga/mymuseum,1,organization.csv
619,SpongePowered/SpongeAPI,290,new_pullreq.csv
493,googlemaps/google-maps-services-java,171,new_pullreq.csv
256,jenkinsci/github-plugin,86,new_pullreq.csv
61,jenkinsci/influxdb-plugin,57,new_pullreq.csv
535,palantir/conjure-java-runtime,196,new_pullreq.csv
34,ldtteam/minecolonies,54,new_pullreq.csv
136,rubfan/JLP,67,new_pullreq.csv
402,easemob/sdkdemoapp3.0_android,126,new_pullreq.csv
394,xerial/sqlite-jdbc,123,new_pullreq.csv
56,mozilla/parapara,1,organization.csv
478,biojava/biojava,159,new_pullreq.csv
112,MicroFocus/octane-ci-java-sdk,64,new_pullreq.csv
345,locationtech/geowave,108,new_pullreq.csv
213,forcedotcom/wsc,79,new_pullreq.csv
64,reposense/RepoSense,57,new_pullreq.csv
295,justanotheruser/Diplom,1,organization.csv
697,apache/zookeeper,482,new_pullreq.csv
426,CloudSlang/cs-actions,135,new_pullreq.csv
185,loboweissmann/groovy-grails-na-pratica,1,organization.csv
718,commons-app/apps-android-commons,664,new_pullreq.csv
205,craftercms/engine,77,new_pullreq.csv
350,OpenMRS/openmrs-module-reporting,109,new_pullreq.csv
90,spring-projects/spring-data-cassandra,61,new_pullreq.csv
510,nutzam/nutz,179,new_pullreq.csv
223,mmcguinn/PoolVisor,1,organization.csv
78,DataSystemsLab/GeoSpark,60,new_pullreq.csv
207,reigner-yrastorza/htdigest-php-web-frontend,1,organization.csv
35,facebook/php-webdriver,1,organization.csv
108,aspnet/Identity,1,organization.csv
424,java-native-access/jna,133,new_pullreq.csv
151,unmisha/mycode,1,organization.csv
11,apache/httpcore,1,historical_projects.csv
29,mozilla/zamboni,1,organization.csv
31,jdemetra/jdemetra-app,54,new_pullreq.csv
105,mozilla/zest,63,new_pullreq.csv
348,ca-cwds/cals-api,109,new_pullreq.csv
43,JetBrains/FSharper,1,organization.csv
145,grpc/grpc,1,organization.csv
628,pentaho/data-access,301,new_pullreq.csv
647,deeplearning4j/deeplearning4j,328,new_pullreq.csv
326,linkedin/dr-elephant,102,new_pullreq.csv
747,liferay/liferay-portal,1102,new_pullreq.csv
324,atlasapi/atlas,102,new_pullreq.csv
88,airbnb/synapse,1,organization.csv
140,HaraldWalker/user-agent-utils,68,new_pullreq.csv
482,rabbitmq/rabbitmq-java-client,160,new_pullreq.csv
19,google/google-java-format,53,new_pullreq.csv
612,PegaSysEng/pantheon,282,new_pullreq.csv
171,NationalSecurityAgency/datawave,72,new_pullreq.csv
276,ist-dsi/fenixedu-ist,90,new_pullreq.csv
129,spring-io/start.spring.io,66,new_pullreq.csv
589,HL7/fhir,249,new_pullreq.csv
192,pulkitsinghal/TestJavaClientsForCouchDB,1,organization.csv
660,SimpleMobileTools/Simple-Calendar,351,new_pullreq.csv
35,mopub/mopub-android-mediation,54,new_pullreq.csv
593,vector-im/riot-android,251,new_pullreq.csv
268,icotanchev/scripting_lang_first_project,1,organization.csv
335,raphw/byte-buddy,104,new_pullreq.csv
436,square/leakcanary,142,new_pullreq.csv
89,SFTtech/openage,1,organization.csv
86,jenkinsci/mesos-plugin,1,organization.csv
304,esig/dss,97,new_pullreq.csv
8,jknack/handlebars.java,1,historical_projects.csv
92,Homebrew/homebrew,1,organization.csv
614,graphql-java/graphql-java,285,new_pullreq.csv
428,Firebase/FirebaseUI-Android,136,new_pullreq.csv
456,xbmc/Kore,149,new_pullreq.csv
83,dolphin-emu/dolphin,1,organization.csv
61,aws/aws-sdk-php,1,organization.csv
65,aws/aws-sdk-ruby,1,organization.csv
291,theoriginallazybum/Algebra-Solver2,1,organization.csv
454,enonic/xp,149,new_pullreq.csv
262,xm-online/xm-ms-entity,87,new_pullreq.csv
190,lukefx/AccessManager2,1,organization.csv
173,spring-projects/spring-statemachine,72,new_pullreq.csv
3,checkstyle/checkstyle,1,historical_projects.csv
654,yegor256/cactoos,342,new_pullreq.csv
245,xnio/xnio,84,new_pullreq.csv
154,hortonworks/registry,70,new_pullreq.csv
666,AsyncHttpClient/async-http-client,366,new_pullreq.csv
632,azkaban/azkaban,308,new_pullreq.csv
685,kaaproject/kaa,435,new_pullreq.csv
363,aerogear/aerogear-unifiedpush-server,114,new_pullreq.csv
50,spring-projects/spring-data-jdbc,55,new_pullreq.csv
216,MZ992/Movie-rental-Store,1,organization.csv
144,facebook/stetho,1,organization.csv
536,OpenRefine/OpenRefine,198,new_pullreq.csv
1,mongodb/mongo,1,organization.csv
475,quarkusio/quarkus,158,new_pullreq.csv
72,VREMSoftwareDevelopment/WifiAnalyzer,58,new_pullreq.csv
1,jcabi/jcabi-http,51,new_pullreq.csv
515,schwabdidier/gazeplay,180,new_pullreq.csv
708,apache/activemq-artemis,549,new_pullreq.csv
252,lalorincon/patron-mvc,1,organization.csv
138,Esri/arcgis-runtime-samples-android,68,new_pullreq.csv
250,census-instrumentation/opencensus-java,86,new_pullreq.csv
4,cloudera/oryx,1,historical_projects.csv
601,wso2/orbit,262,new_pullreq.csv
298,Progether/JAdventure,95,new_pullreq.csv
323,woorea/openstack-java-sdk,101,new_pullreq.csv
501,segler-alex/RadioDroid,174,new_pullreq.csv
117,apache/commons-text,65,new_pullreq.csv
21,hbb20/CountryCodePickerProject,53,new_pullreq.csv
750,hzuapps/android-labs-2019,1174,new_pullreq.csv
133,AtomicStryker/atomicstrykers-minecraft-mods,67,new_pullreq.csv
44,hazelcast/hazelcast-simulator,55,new_pullreq.csv
692,Adobe-Consulting-Services/acs-aem-commons,468,new_pullreq.csv
142,ops4j/org.ops4j.pax.web,68,new_pullreq.csv
218,scl-softwire/group-project,80,new_pullreq.csv
277,kandx/OA-PHP,1,organization.csv
265,NYTimes/Store,88,new_pullreq.csv
484,yandex/clickhouse-jdbc,161,new_pullreq.csv
527,spring-projects/spring-data-mongodb,190,new_pullreq.csv
710,TheAlgorithms/Java,587,new_pullreq.csv
494,kiegroup/appformer,171,new_pullreq.csv
443,rekin7244/RattleRice,145,new_pullreq.csv
637,codice/ddf,317,new_pullreq.csv
278,vin047/helloworld-java,1,organization.csv
221,SimpleMobileTools/Simple-Calculator,81,new_pullreq.csv
157,hasenj/arabic-writer,1,organization.csv
377,jitsi/jitsi-videobridge,118,new_pullreq.csv
713,infinispan/infinispan,613,new_pullreq.csv
530,apache/lucene-solr,192,new_pullreq.csv
391,elexis/elexis-3-base,123,new_pullreq.csv
479,ResurrectionRemix/android_frameworks_base,159,new_pullreq.csv
739,hazelcast/hazelcast,955,new_pullreq.csv
75,owncloud/news,1,organization.csv
208,hinedavid/dasesedus,1,organization.csv
420,stanfordnlp/CoreNLP,131,new_pullreq.csv
72,twitter/hbc,1,organization.csv
526,real-logic/simple-binary-encoding,187,new_pullreq.csv
517,dCache/dcache,181,new_pullreq.csv
707,wso2/product-is,548,new_pullreq.csv
644,samsung/GearVRf,323,new_pullreq.csv
53,vaadin/vaadin-grid-flow,55,new_pullreq.csv
153,mitchellzen/intrstmap,1,organization.csv
401,apache/incubator-shardingsphere,126,new_pullreq.csv
364,airbnb/lottie-android,114,new_pullreq.csv
380,TheCoder4eu/BootsFaces-OSP,118,new_pullreq.csv
524,zendesk/maxwell,185,new_pullreq.csv
151,Evolveum/midpoint,70,new_pullreq.csv
44,apache/flume,1,organization.csv
23,fish-shell/fish-shell,1,organization.csv
731,graknlabs/grakn,795,new_pullreq.csv
461,alibaba/Sentinel,152,new_pullreq.csv
199,linkedin/cruise-control,76,new_pullreq.csv
127,h2o/h2o,1,organization.csv
169,MojoHaus/license-maven-plugin,72,new_pullreq.csv
56,Automattic/simplenote-android,56,new_pullreq.csv
174,synyx/urlaubsverwaltung,72,new_pullreq.csv
444,winder/Universal-G-Code-Sender,145,new_pullreq.csv
163,mikehamer/ardrone_tutorials,1,organization.csv
84,eclipse/buildship,61,new_pullreq.csv
135,thoughtbot/pick,1,organization.csv
210,hortonworks/cloudbreak,78,new_pullreq.csv
6,securityfirst/Umbrella_android,51,new_pullreq.csv
166,square/okio,71,new_pullreq.csv
329,SimpleMobileTools/Simple-Camera,103,new_pullreq.csv
8,django/django,1,organization.csv
197,amarnatht/p2.amar15.biz,1,organization.csv
240,ahqlab/HodooScale,84,new_pullreq.csv
560,naver/pinpoint,219,new_pullreq.csv
124,mysql/mysql-server,1,organization.csv
546,alv-ch/jobroom2,204,new_pullreq.csv
251,ycj0808/Travel,1,organization.csv
438,stripe/stripe-java,143,new_pullreq.csv
491,qaprosoft/carina,167,new_pullreq.csv
99,thorntail/thorntail,62,new_pullreq.csv
141,Microsoft/Vipr,1,organization.csv
661,wso2/product-sp,352,new_pullreq.csv
543,jbehave/jbehave-core,202,new_pullreq.csv
434,cdk/cdk,142,new_pullreq.csv
235,nicolasfaure/evaluacion,1,organization.csv
549,alibaba/canal,206,new_pullreq.csv
458,phenotips/phenotips,150,new_pullreq.csv
11,Etar-Group/Etar-Calendar,52,new_pullreq.csv
550,JakeWharton/butterknife,208,new_pullreq.csv
599,facebook/fresco,260,new_pullreq.csv
633,GlowstoneMC/Glowstone,309,new_pullreq.csv
84,pithos/pithos,1,organization.csv
134,GluuFederation/oxAuth,67,new_pullreq.csv
248,square/moshi,85,new_pullreq.csv
257,DarkmatterVale/Pocket-Spacecraft,1,organization.csv
585,typetools/checker-framework,245,new_pullreq.csv
328,OpenMRS/openmrs-module-emrapi,103,new_pullreq.csv
369,Microsoft/AppCenter-SDK-Android,115,new_pullreq.csv
680,eclipse/jetty.project,416,new_pullreq.csv
684,SpigotMC/BungeeCord,430,new_pullreq.csv
233,apache/qpid-proton,83,new_pullreq.csv
20,google/guice,53,new_pullreq.csv
77,apache/tez,1,organization.csv
696,google/ExoPlayer,480,new_pullreq.csv
741,apache/cloudstack,976,new_pullreq.csv
592,Atmosphere/atmosphere,251,new_pullreq.csv
149,CloudSlang/score,70,new_pullreq.csv
261,fijiaaron/qa.perfected,1,organization.csv
158,pentaho/pentaho-metaverse,70,new_pullreq.csv
734,geoserver/geoserver,829,new_pullreq.csv
256,dmzadorin/prime,1,organization.csv
677,IQSS/dataverse,403,new_pullreq.csv
119,google/re2,1,organization.csv
222,Jorgtre/Cpp,1,organization.csv
101,facebook/sparts,1,organization.csv
220,kiegroup/droolsjbpm-knowledge,81,new_pullreq.csv
320,cinchapi/concourse,101,new_pullreq.csv
583,pinterest/secor,243,new_pullreq.csv
265,gskielian/Android_01_Java,1,organization.csv
623,ControlSystemStudio/cs-studio,297,new_pullreq.csv
186,Firebase/firebase-android-sdk,74,new_pullreq.csv
113,opencb/opencga,64,new_pullreq.csv
712,dropwizard/dropwizard,597,new_pullreq.csv
42,apache/wicket,1,organization.csv
591,pentaho/pentaho-commons-gwt-modules,249,new_pullreq.csv
162,spring-projects/spring-data-couchbase,70,new_pullreq.csv
564,micrometer-metrics/micrometer,225,new_pullreq.csv
130,UCI-Chenli-teaching/spring19-cs221-project,66,new_pullreq.csv
349,GoogleCloudPlatform/cloud-opensource-java,109,new_pullreq.csv
131,github/elastomer-client,1,organization.csv
554,spring-projects/spring-petclinic,210,new_pullreq.csv
464,zeromq/jzmq,153,new_pullreq.csv
89,joinfaces/joinfaces,61,new_pullreq.csv
242,anthonylife/EventRecommendation,1,organization.csv
179,eclipse/microprofile-config,73,new_pullreq.csv
67,aws/aws-sdk-net,1,organization.csv
732,k9mail/k-9,798,new_pullreq.csv
502,mitreid-connect/OpenID-Connect-Java-Spring-Server,176,new_pullreq.csv
340,SmarterApp/RDW_Reporting,105,new_pullreq.csv
504,project-travel-mate/Travel-Mate,177,new_pullreq.csv
263,lejund/etsydemo,1,organization.csv
561,flutter/flutter-intellij,222,new_pullreq.csv
717,Talend/tdi-studio-se,648,new_pullreq.csv
653,yegor256/takes,341,new_pullreq.csv
266,spring-projects/spring-data-neo4j,88,new_pullreq.csv
63,gitlabhq/gitlab-ci,1,organization.csv
203,kevin-ww/text.classfication,1,organization.csv
745,apache/storm,1063,new_pullreq.csv
596,apache/tomee,254,new_pullreq.csv
230,rikikun/SpringExample,1,organization.csv
360,wso2/carbon-deployment,112,new_pullreq.csv
466,GENERALBYTESCOM/batm_public,154,new_pullreq.csv
178,pdonlon/Sudoku-Solver-2,1,organization.csv
231,tencent/VasSonic,82,new_pullreq.csv
507,Catrobat/Paintroid,179,new_pullreq.csv
656,eclipse/birt,345,new_pullreq.csv
15,mono/MonoGame,1,organization.csv
306,redhat-developer/rh-che,97,new_pullreq.csv
603,buchen/portfolio,266,new_pullreq.csv
314,broadinstitute/gatk,100,new_pullreq.csv
559,MegaMek/mekhq,217,new_pullreq.csv
253,mizoguchi-y/first_app,1,organization.csv
469,jmrozanec/cron-utils,156,new_pullreq.csv
27,Buuz135/Industrial-Foregoing,54,new_pullreq.csv
643,openhab/openhab1-addons,323,new_pullreq.csv
172,danlex/bstexample,1,organization.csv
143,davidB/scala-maven-plugin,69,new_pullreq.csv
675,Azure/azure-sdk-for-java,400,new_pullreq.csv
0,Netflix/SimianArmy,1,organization.csv
165,darrensemail/hw2_rottenpotatoes,1,organization.csv
82,TNG/jgiven,60,new_pullreq.csv
563,OpenClinica/OpenClinica,224,new_pullreq.csv
346,ow2-proactive/scheduling,108,new_pullreq.csv
547,apache/metron,204,new_pullreq.csv
55,apache/oodt,56,new_pullreq.csv
629,apache/cordova-android,307,new_pullreq.csv
36,google/signet,1,organization.csv
678,wildfly/wildfly-core,405,new_pullreq.csv
57,GoogleCloudPlatform/cloud-bigtable-examples,56,new_pullreq.csv
251,craftercms/search,86,new_pullreq.csv
288,akmaier/CONRAD,93,new_pullreq.csv
194,Yogendra0Sharma/Python-Design-Patterns,1,organization.csv
668,jMonkeyEngine/jmonkeyengine,368,new_pullreq.csv
682,google/closure-compiler,422,new_pullreq.csv
184,yamill/react-native-orientation,73,new_pullreq.csv
497,hibernate/hibernate-ogm,173,new_pullreq.csv
746,magefree/mage,1063,new_pullreq.csv
70,twitter/secureheaders,1,organization.csv
568,Neamar/KISS,229,new_pullreq.csv
658,RocketChat/Rocket.Chat.Android,347,new_pullreq.csv
499,spockframework/spock,173,new_pullreq.csv
26,apache/hive,1,organization.csv
106,aspnet/EntityFramework,1,organization.csv
24,libgit2/pygit2,1,organization.csv
10,libgit2/libgit2,1,organization.csv
128,google/simian,1,organization.csv
460,SonarSource/sonar-java,151,new_pullreq.csv
474,aimacode/aima-java,158,new_pullreq.csv
237,relayrides/pushy,83,new_pullreq.csv
258,MachineMuse/MachineMusePowersuits,86,new_pullreq.csv
19,OryxProject/oryx,1,historical_projects.csv
246,bugsnag/bugsnag-android,85,new_pullreq.csv
213,drackows/poc-rmi,1,organization.csv
283,akhilabs/Distributed-Computing,1,organization.csv
221,manuelblanch/ebreescool,1,organization.csv
450,apache/tika,148,new_pullreq.csv
71,joyent/java-manta,58,new_pullreq.csv
332,yahoo/fili,103,new_pullreq.csv
687,xwiki/xwiki-platform,455,new_pullreq.csv
321,METS-Programme/openmrs-module-aijar,101,new_pullreq.csv
128,rsocket/rsocket-java,66,new_pullreq.csv
141,opensagres/xdocreport,68,new_pullreq.csv
714,wso2/product-apim,614,new_pullreq.csv
175,angular/clutz,73,new_pullreq.csv
3,mozilla/socorro,1,organization.csv
565,temenostech/IRIS,225,new_pullreq.csv
268,asicudl/campusvirtual,89,new_pullreq.csv
239,smellytofu/customer_relationship_applicaions,1,organization.csv
114,google/openrtb,1,organization.csv
59,mozilla/tuxedo,1,organization.csv
548,kiegroup/jbpm,204,new_pullreq.csv
532,PhantomBot/PhantomBot,194,new_pullreq.csv
62,networknt/light-4j,57,new_pullreq.csv
359,matrix-org/matrix-android-sdk,112,new_pullreq.csv
80,neo4j/neo4j-java-driver,60,new_pullreq.csv
202,pentaho/pentaho-engineering-samples,76,new_pullreq.csv
253,googleads/googleads-mobile-android-mediation,86,new_pullreq.csv
465,apache/tomcat,154,new_pullreq.csv
38,vaadin/skeleton-starter-flow,54,new_pullreq.csv
158,dhellmann/metering-prototype,1,organization.csv
249,vojtechhabarta/typescript-generator,85,new_pullreq.csv
241,dcm4che/dcm4che,84,new_pullreq.csv
116,docker/openstack-docker,1,organization.csv
197,Teradata/kylo,75,new_pullreq.csv
200,Microsoft/azure-spring-boot,76,new_pullreq.csv
520,arquillian/arquillian-cube,184,new_pullreq.csv
486,EssentialsX/Essentials,162,new_pullreq.csv
287,react-native-community/react-native-linear-gradient,92,new_pullreq.csv
452,entando/entando-core,148,new_pullreq.csv
285,mpratt/Weg,1,organization.csv
405,apache/incubator-heron,127,new_pullreq.csv
93,bugsnag/bugsnag-react-native,62,new_pullreq.csv
13,facebook/folly,1,organization.csv
691,wso2/carbon-identity-framework,463,new_pullreq.csv
259,Microsoft/ApplicationInsights-Java,86,new_pullreq.csv
645,OpenNMS/opennms,325,new_pullreq.csv
376,pentaho/pentaho-osgi-bundles,117,new_pullreq.csv
163,aol/micro-server,71,new_pullreq.csv
271,TrinhThiThuyDung/shopping,1,organization.csv
0,doanduyhai/Achilles,1,historical_projects.csv
522,rovo89/XposedInstaller,184,new_pullreq.csv
120,strimzi/strimzi-kafka-operator,65,new_pullreq.csv
18,orbit/orbit,1,historical_projects.csv
726,pentaho/pentaho-platform,760,new_pullreq.csv
25,zxing/zxing,1,historical_projects.csv
257,jsevellec/cassandra-unit,86,new_pullreq.csv
431,CONNECT-Solution/CONNECT,140,new_pullreq.csv
232,tinycreative/react-native-intercom,82,new_pullreq.csv
118,facebook/screenshot-tests-for-android,65,new_pullreq.csv
173,a1theredbull/FerrisWheel,1,organization.csv
60,GNOME/empathy,1,organization.csv
104,aspnet/Razor,1,organization.csv
2,mendhak/gpslogger,51,new_pullreq.csv
26,reloZid/android-anuto,53,new_pullreq.csv
480,apache/logging-log4j2,160,new_pullreq.csv
367,signalapp/Signal-Android,114,new_pullreq.csv
723,liquibase/liquibase,727,new_pullreq.csv
39,vivo-project/Vitro,54,new_pullreq.csv
423,bitstadium/HockeySDK-Android,132,new_pullreq.csv
88,jenkinsci/support-core-plugin,61,new_pullreq.csv
186,jataggart/seven-languages,1,organization.csv
69,aws/aws-cli,1,organization.csv
168,medcl/elasticsearch-analysis-ik,72,new_pullreq.csv
463,Vazkii/Quark,153,new_pullreq.csv
289,svoges/toy_app,1,organization.csv
244,Leozzer/Python-for-DB,1,organization.csv
594,Sable/soot,252,new_pullreq.csv
115,wireapp/wire-android,64,new_pullreq.csv
113,aspnet/WebSockets,1,organization.csv
282,Minio/minio-java,91,new_pullreq.csv
209,GoogleCloudPlatform/google-cloud-eclipse,78,new_pullreq.csv
215,torypayne/exercise4,1,organization.csv
286,XenoBlaze/hello-world,1,organization.csv
338,HoraApps/LeafPic,105,new_pullreq.csv
273,pentaho/modeler,89,new_pullreq.csv
30,IBMStreams/streamsx.inet,54,new_pullreq.csv
47,Jasig/uPortal-start,55,new_pullreq.csv
255,RUAN0007/Crisis_Management_System,1,organization.csv
66,phalcon/incubator,1,organization.csv
621,project-sunbird/sunbird-lms-mw,294,new_pullreq.csv
572,project-sunbird/sunbird-utils,232,new_pullreq.csv
70,jline/jline3,58,new_pullreq.csv
725,bazelbuild/bazel,742,new_pullreq.csv
29,hazelcast/hazelcast-client-protocol,54,new_pullreq.csv
598,TwilioDevEd/api-snippets,257,new_pullreq.csv
179,jerbio/My24HourTimerWPF,1,organization.csv
252,Crate/crate,86,new_pullreq.csv
694,payara/Payara,474,new_pullreq.csv
103,aspnet/FileSystem,1,organization.csv
68,apache/isis,1,organization.csv
211,HubSpot/jinjava,78,new_pullreq.csv
302,spring-io/sagan,96,new_pullreq.csv
442,killbill/killbill,145,new_pullreq.csv
254,HellowMyNameIsPSR/khSemiProjectSugack,86,new_pullreq.csv
566,ProtocolSupport/ProtocolSupport,226,new_pullreq.csv
96,apache/jclouds,1,organization.csv
492,joelittlejohn/jsonschema2pojo,168,new_pullreq.csv
7,spring-projects/spring-retry,51,new_pullreq.csv
273,moroojaldeeb/xceed,1,organization.csv
188,garrettlord/MHacks_Pill_Delivery_Quad,1,organization.csv
38,apache/activemq,1,organization.csv
459,eclipse/hawkbit,151,new_pullreq.csv
206,se-edu/addressbook-level1,77,new_pullreq.csv
170,mrniko/netty-socketio,72,new_pullreq.csv
219,r-julien/txl-project,1,organization.csv
407,mapstruct/mapstruct,127,new_pullreq.csv
147,Vazkii/Psi,69,new_pullreq.csv
406,exoplatform/ecms,127,new_pullreq.csv
269,kiegroup/optaplanner-wb,89,new_pullreq.csv
433,JetBrains/intellij-sdk-docs,140,new_pullreq.csv
403,hibernate/hibernate-validator,126,new_pullreq.csv
243,zfh1005/demoPackage,1,organization.csv
227,Khmelov/AT2019-03-12,82,new_pullreq.csv
293,gemini-hlsw/ocs,94,new_pullreq.csv
605,Oracle/weblogic-kubernetes-operator,270,new_pullreq.csv
147,Microsoft/IEDiagnosticsAdapter,1,organization.csv
319,airbnb/epoxy,101,new_pullreq.csv
705,JabRef/jabref,538,new_pullreq.csv
538,wavefrontHQ/java,198,new_pullreq.csv
60,vaadin/skeleton-starter-flow-spring,56,new_pullreq.csv
724,eclipse/smarthome,739,new_pullreq.csv
271,mulesoft/mule-integration-tests,89,new_pullreq.csv
40,autolab/Autolab,55,new_pullreq.csv
453,Microsoft/mssql-jdbc,148,new_pullreq.csv
299,tiptobi/HLM-App,1,organization.csv
600,wicketstuff/core,262,new_pullreq.csv
41,codebutler/farebot,55,new_pullreq.csv
259,demon7452/C,1,organization.csv
652,Anuken/Mindustry,340,new_pullreq.csv
21,WordPress/WordPress,1,organization.csv
177,cogcomp/cogcomp-nlp,73,new_pullreq.csv
462,influxdata/influxdb-java,153,new_pullreq.csv
409,RestComm/Restcomm-Connect,128,new_pullreq.csv
432,fabric8-quickstarts/spring-boot-camel-teiid,140,new_pullreq.csv
157,owlcs/owlapi,70,new_pullreq.csv
411,exoplatform/platform,129,new_pullreq.csv
280,Swagger2Markup/swagger2markup,90,new_pullreq.csv
467,jenkinsci/email-ext-plugin,154,new_pullreq.csv
448,mbeddr/mbeddr.core,147,new_pullreq.csv
206,jw84/eddie,1,organization.csv
105,tornadoweb/tornado,1,organization.csv
305,OpenMRS/openmrs-module-coreapps,97,new_pullreq.csv
759,apache/ignite,2373,new_pullreq.csv
144,jenkinsci/build-failure-analyzer-plugin,69,new_pullreq.csv
365,allegro/hermes,114,new_pullreq.csv
481,googleapis/gapic-generator,160,new_pullreq.csv
752,OpenLiberty/open-liberty,1368,new_pullreq.csv
686,mulesoft/mule,438,new_pullreq.csv
236,palantir/gradle-consistent-versions,83,new_pullreq.csv
279,EminemJeff/dimsumapp,1,organization.csv
229,pubnub/java,82,new_pullreq.csv
508,jhy/jsoup,179,new_pullreq.csv
651,JetBrains/intellij-plugins,337,new_pullreq.csv
626,BluSunrize/ImmersiveEngineering,299,new_pullreq.csv
214,seata/seata,79,new_pullreq.csv
333,asterisk-java/asterisk-java,104,new_pullreq.csv
5,apache/commons-exec,1,historical_projects.csv
245,yangjisheng/footballlotterycrawler,1,organization.csv
254,MaikGrunw1/Maik,1,organization.csv
278,KscSDK/ksc-sdk-java,90,new_pullreq.csv
193,triplethreatg/elec424-lab2,1,organization.csv
240,jpleau/hockeystreams-ruby,1,organization.csv
195,iso32/EncryptedMessage,1,organization.csv
293,insane-stdios/WebCalculator,1,organization.csv
85,googleapis/google-http-java-client,61,new_pullreq.csv
198,apache/maven-scm,76,new_pullreq.csv
73,mozilla/django-badger,1,organization.csv
152,GoogleContainerTools/jib,70,new_pullreq.csv
347,alv-ch/job-ad-service,109,new_pullreq.csv
166,jefigo/Bootcamp,1,organization.csv
24,wro4j/wro4j,1,historical_projects.csv
531,brettwooldridge/HikariCP,194,new_pullreq.csv
289,castorini/Anserini,93,new_pullreq.csv
711,opendatakit/collect,589,new_pullreq.csv
435,groovy/groovy-eclipse,142,new_pullreq.csv
227,PaulStoffregen/k72memtest,1,organization.csv
476,apache/curator,159,new_pullreq.csv
397,Oracle/graal,124,new_pullreq.csv
122,facebook/mcrouter,1,organization.csv
199,philfromfmf/kovalevskiy,1,organization.csv
615,undera/jmeter-plugins,285,new_pullreq.csv
756,OpenMRS/openmrs-core,1795,new_pullreq.csv
12,apache/jackrabbit-oak,1,historical_projects.csv
558,apache/tinkerpop,217,new_pullreq.csv
214,mohitsehgal/MapsApp2,1,organization.csv
79,glyptodon/guacamole-client,60,new_pullreq.csv
244,wso2/andes,84,new_pullreq.csv
498,rubenlagus/TelegramBots,173,new_pullreq.csv
190,pentaho/pentaho-metadata-editor,74,new_pullreq.csv
586,apache/commons-lang,246,new_pullreq.csv
231,xieyilong/test,1,organization.csv
285,find-sec-bugs/find-sec-bugs,92,new_pullreq.csv
47,github/maven-plugins,1,organization.csv
238,johnnyshih99/pulseMVCsample,1,organization.csv
212,eclipse/eclipse-collections,79,new_pullreq.csv
281,yusuke1116/VastariCsharpcode,1,organization.csv
134,xfce-mirror/xfwm4,1,organization.csv
155,jh9027/konqr,1,organization.csv
103,jenkinsci/plugin-compat-tester,63,new_pullreq.csv
17,AlexanderZaytsev/react-native-i18n,53,new_pullreq.csv
148,chpladmin/chpl-api,70,new_pullreq.csv
413,square/javapoet,129,new_pullreq.csv
295,hierynomus/smbj,94,new_pullreq.csv
636,Microsoft/pai,316,new_pullreq.csv
269,Gribbleshnibit8/NVSE-Docs-Manager,1,organization.csv
624,SleepyTrousers/EnderIO,297,new_pullreq.csv
201,mozilla-mobile/firefox-tv,76,new_pullreq.csv
523,samtools/htsjdk,184,new_pullreq.csv
132,dotnet/buildtools,1,organization.csv
192,Alfresco/alfresco-repository,75,new_pullreq.csv
216,pentaho/pentaho-mongodb-plugin,80,new_pullreq.csv
4,palaima/DebugDrawer,51,new_pullreq.csv
160,rest-assured/rest-assured,70,new_pullreq.csv
107,aspnet/Logging,1,organization.csv
275,cdapio/cdap,90,new_pullreq.csv
383,googlemaps/android-maps-utils,120,new_pullreq.csv
528,foobnix/LibreraReader,191,new_pullreq.csv
219,jenkinsci/promoted-builds-plugin,81,new_pullreq.csv
50,jenkinsci/cobertura-plugin,1,organization.csv
153,gstreamer-java/gst1-java-core,70,new_pullreq.csv
681,eugenyk/hpcourse,418,new_pullreq.csv
509,mulesoft/docs-mule-runtime,179,new_pullreq.csv
551,OpenMRS/openmrs-contrib-android-client,208,new_pullreq.csv
279,Netflix/titus-control-plane,90,new_pullreq.csv
673,pentaho/pentaho-reporting,397,new_pullreq.csv
2,mono/mono,1,organization.csv
488,SpongePowered/SpongeCommon,162,new_pullreq.csv
234,kickstarter/android-oss,83,new_pullreq.csv
296,asiunov/utils,1,organization.csv
298,bleakwood/ducking-tyrion,1,organization.csv
110,FunnyGuilds/FunnyGuilds,64,new_pullreq.csv
9,ansible/ansible,1,organization.csv
210,knighthunter09/XPEDIA,1,organization.csv
91,takari/polyglot-maven,61,new_pullreq.csv
539,tborzyszkowski/DesignPatterns,200,new_pullreq.csv
414,flyingsaucerproject/flyingsaucer,130,new_pullreq.csv
576,qiniu/java-sdk,236,new_pullreq.csv
71,facebook/linkbench,1,organization.csv
191,spring-projects/spring-shell,74,new_pullreq.csv
100,fabric8-quickstarts/spring-boot-camel-xml,63,new_pullreq.csv
582,jbosstools/jbosstools-integration-stack-tests,243,new_pullreq.csv
241,t-larsen/test,1,organization.csv
513,Graylog2/graylog2-server,180,new_pullreq.csv
78,mapbox/mapnik-vector-tile,1,organization.csv
557,DV8FromTheWorld/JDA,214,new_pullreq.csv
154,rstoyanchev/dispatch-test,1,organization.csv
97,restx/restx,62,new_pullreq.csv
255,ibissource/iaf,86,new_pullreq.csv
36,sbugert/react-native-admob,54,new_pullreq.csv
555,batfish/batfish,211,new_pullreq.csv
421,zalando/zalenium,131,new_pullreq.csv
286,mopub/mopub-android-sdk,92,new_pullreq.csv
15,ninjaframework/ninja,1,historical_projects.csv
357,immutables/immutables,111,new_pullreq.csv
46,Jasig/CalendarPortlet,55,new_pullreq.csv
115,swoole/swoole-src,1,organization.csv
292,esevi/exam01,1,organization.csv
8,tipsy/j2html,51,new_pullreq.csv
361,jboss-remoting/jboss-remoting,113,new_pullreq.csv
116,Alfresco/alfresco-remote-api,65,new_pullreq.csv
33,jenkinsci/pipeline-maven-plugin,54,new_pullreq.csv
415,javaee-samples/javaee7-samples,130,new_pullreq.csv
516,wso2/carbon-commons,180,new_pullreq.csv
17,apache/oozie,1,historical_projects.csv
243,peholmst/vaadin4spring,84,new_pullreq.csv
217,reaktivity/nukleus-kafka.java,80,new_pullreq.csv
735,pcgen/pcgen,841,new_pullreq.csv
51,mozilla/mozregression,1,organization.csv
176,Carlosmr/NaturalLanguageProccessing,1,organization.csv
395,CymChad/BaseRecyclerViewAdapterHelper,124,new_pullreq.csv
81,TestFX/TestFX,60,new_pullreq.csv
485,apollographql/apollo-android,162,new_pullreq.csv
159,nskrypnik/Pyramid-file-storage-app,1,organization.csv
129,twitter/elephant-bird,1,organization.csv
569,VoltDB/voltdb,229,new_pullreq.csv
387,hcoles/pitest,121,new_pullreq.csv
635,khartec/waltz,316,new_pullreq.csv
544,rzwitserloot/lombok,202,new_pullreq.csv
693,zaproxy/zaproxy,469,new_pullreq.csv
178,CorfuDB/CorfuDB,73,new_pullreq.csv
277,jcryptool/crypto,90,new_pullreq.csv
611,jenkinsci/ec2-plugin,281,new_pullreq.csv
638,apache/incubator-druid,318,new_pullreq.csv
68,GluuFederation/oxTrust,58,new_pullreq.csv
124,jaegertracing/jaeger-client-java,66,new_pullreq.csv
32,jenkinsci/openstack-cloud-plugin,54,new_pullreq.csv
649,datastax/java-driver,334,new_pullreq.csv
375,fabric8-quickstarts/spring-boot-camel-amq,117,new_pullreq.csv
14,spring-cloud/spring-cloud-connectors,52,new_pullreq.csv
98,apache/dispatch,1,organization.csv
410,splicemachine/spliceengine,128,new_pullreq.csv
195,Microsoft/java-debug,75,new_pullreq.csv
709,INRIA/spoon,585,new_pullreq.csv
136,facebook/fbcunn,1,organization.csv
205,fazie/algorithms,1,organization.csv
182,Netflix/ribbon,73,new_pullreq.csv
556,vert-x3/vertx-web,212,new_pullreq.csv
487,rstudio/rstudio,162,new_pullreq.csv
184,novoalg/demo_app,1,organization.csv
64,xamarin/Xamarin.Auth,1,organization.csv
41,apache/httpd,1,organization.csv
284,ebean-orm/ebean,92,new_pullreq.csv
355,NightscoutFoundation/xDrip,110,new_pullreq.csv
83,dkpro/dkpro-core,61,new_pullreq.csv
607,sparklemotion/nokogiri,274,new_pullreq.csv
126,twitter/zktraffic,1,organization.csv
162,crodas/Haanga2,1,organization.csv
670,apache/cxf,372,new_pullreq.csv
417,SonarSource/sonarqube,130,new_pullreq.csv
294,hawkular/hawkular-metrics,94,new_pullreq.csv
164,everit-org/json-schema,71,new_pullreq.csv
676,mybatis/mybatis-3,402,new_pullreq.csv
117,google/jsonnet,1,organization.csv
622,tomakehurst/wiremock,295,new_pullreq.csv
150,craigwblake/redline,70,new_pullreq.csv
449,MilkBowl/Vault,147,new_pullreq.csv
54,VelocityPowered/Velocity,55,new_pullreq.csv
215,pentaho/pdi-dataservice-server-plugin,80,new_pullreq.csv
149,google/bazel,1,organization.csv
674,mockito/mockito,399,new_pullreq.csv
374,WSO2Telco/core-util,116,new_pullreq.csv
65,spring-cloud/spring-cloud-kubernetes,57,new_pullreq.csv
506,SmartBear/soapui,178,new_pullreq.csv
142,dotnet/coreclr,1,organization.csv
110,aspnet/Configuration,1,organization.csv
721,bigbluebutton/bigbluebutton,694,new_pullreq.csv
164,kvm/BlueWhale,1,organization.csv
120,google/protobuf,1,organization.csv
382,eXist-db/exist,119,new_pullreq.csv
650,languagetool-org/languagetool,335,new_pullreq.csv
341,iBotPeaches/Apktool,107,new_pullreq.csv
176,apache/opennlp,73,new_pullreq.csv
46,symfony/Yaml,1,organization.csv
238,the-blue-alliance/the-blue-alliance-android,83,new_pullreq.csv
757,apache/kafka,1832,new_pullreq.csv
384,jenkinsci/script-security-plugin,120,new_pullreq.csv
317,pentaho/pdi-dataservice-plugin,100,new_pullreq.csv
617,ratpack/ratpack,288,new_pullreq.csv
616,ankidroid/Anki-Android,286,new_pullreq.csv
31,zfsonlinux/zfs,1,organization.csv
13,google/jimfs,1,historical_projects.csv
299,eclipse/californium,96,new_pullreq.csv
106,square/wire,63,new_pullreq.csv
137,spinnaker/kork,67,new_pullreq.csv
264,haiwen/seadroid,88,new_pullreq.csv
261,spring-projects/spring-data-rest,87,new_pullreq.csv
224,nogrudge/first_app,1,organization.csv
23,Multiverse/Multiverse-Core,53,new_pullreq.csv
325,exoplatform/social,102,new_pullreq.csv
606,apache/groovy,273,new_pullreq.csv
175,pngisnotgif/python,1,organization.csv
169,gra/nikitina,1,organization.csv
689,wso2/wso2-synapse,459,new_pullreq.csv
729,resteasy/Resteasy,778,new_pullreq.csv
20,composer/composer,1,organization.csv
189,liuhaodong/hw0-haodongl,1,organization.csv
529,TheBusyBiscuit/Slimefun4,191,new_pullreq.csv
191,ruedigergad/qca-qt5,1,organization.csv
537,ORCID/ORCID-Source,198,new_pullreq.csv
418,enginehub/CommandHelper,131,new_pullreq.csv
733,JetBrains/intellij-community,812,new_pullreq.csv
358,dhiasaadlaui/HordeSocialPro,112,new_pullreq.csv
370,palantir/conjure,115,new_pullreq.csv
597,jamesagnew/hapi-fhir,256,new_pullreq.csv
276,Vallium/get_next_line42,1,organization.csv
201,numerodix/pybits,1,organization.csv
296,jboss/metadata,95,new_pullreq.csv
534,confluentinc/ksql,195,new_pullreq.csv
695,spring-cloud/spring-cloud-netflix,479,new_pullreq.csv
639,openMF/android-client,320,new_pullreq.csv
4,FFmpeg/FFmpeg,1,organization.csv
412,hazelcast/hazelcast-code-samples,129,new_pullreq.csv
17,mozilla/kitsune,1,organization.csv
581,apache/parquet-mr,242,new_pullreq.csv
133,mozilla/firefox-ios,1,organization.csv
372,EyeSeeTea/malariapp,116,new_pullreq.csv
80,libgit2/docurium,1,organization.csv
45,hierynomus/sshj,55,new_pullreq.csv
627,dbeaver/dbeaver,301,new_pullreq.csv
9,zhengxun890311/tweezer,51,new_pullreq.csv
37,SchibstedSpain/Barista,54,new_pullreq.csv
182,Mehdi23/TpJava,1,organization.csv
189,OCA/knowledge,74,new_pullreq.csv
266,notcompletelylow/Lab08forBoshart,1,organization.csv
386,AzureAD/azure-activedirectory-library-for-android,121,new_pullreq.csv
43,glotaran/glotaran,55,new_pullreq.csv
177,rewbs/ljcu.findbugs.ext,1,organization.csv
496,bcgit/bc-java,173,new_pullreq.csv
12,xbmc/xbmc,1,organization.csv
6,bitcoin/bitcoin,1,organization.csv
32,celery/celery,1,organization.csv
242,hamcrest/JavaHamcrest,84,new_pullreq.csv
7,scrapy/scrapy,1,organization.csv
76,owncloud/calendar,1,organization.csv
613,tronprotocol/java-tron,282,new_pullreq.csv
79,mozilla/rr,1,organization.csv
42,Electrical-Age/ElectricalAge,55,new_pullreq.csv
362,resilience4j/resilience4j,113,new_pullreq.csv
108,bytedeco/javacpp,64,new_pullreq.csv
429,hopshadoop/hops,138,new_pullreq.csv
114,vert-x3/vertx-mongo-client,64,new_pullreq.csv
102,aspnet/DependencyInjection,1,organization.csv
96,pentaho/pentaho-data-refinery,62,new_pullreq.csv
187,aangarita/invent,1,organization.csv
722,DSpace/DSpace,727,new_pullreq.csv
659,facebook/buck,351,new_pullreq.csv
58,GNOME/rhythmbox,1,organization.csv
40,apache/mahout,1,organization.csv
521,Grarak/KernelAdiutor,184,new_pullreq.csv
748,alissonwilker/fabriki-exercicios,1121,new_pullreq.csv
282,mkrzman/KaraokeFinder,1,organization.csv
430,Alex-the-666/Ice_and_Fire,140,new_pullreq.csv
642,powerbot/powerbot,322,new_pullreq.csv
672,spring-projects/spring-integration,385,new_pullreq.csv
161,henning1004/AddSomeFurniture_ReWrite,1,organization.csv
183,nate-d-olson/MBWG,1,organization.csv
274,fernandomsilva/Final-Project--RJ-bus-,1,organization.csv
343,javers/javers,108,new_pullreq.csv
505,forcedotcom/SalesforceMobileSDK-Android,178,new_pullreq.csv
228,palantir/conjure-java-example,82,new_pullreq.csv
58,mulesoft/mule-api,56,new_pullreq.csv
290,facebook/litho,93,new_pullreq.csv
356,Unidata/thredds,110,new_pullreq.csv
291,tcurdt/jdeb,93,new_pullreq.csv
318,scouter-project/scouter,100,new_pullreq.csv
12,red5/red5-server-common,52,new_pullreq.csv
111,mapbox/variant,1,organization.csv
716,openmicroscopy/openmicroscopy,645,new_pullreq.csv
156,iKolt/sample,1,organization.csv
156,openforis/collect-earth-online,70,new_pullreq.csv
208,FNNDSC/ami,78,new_pullreq.csv
679,palantir/atlasdb,410,new_pullreq.csv
322,querydsl/querydsl,101,new_pullreq.csv
379,terasolunaorg/terasoluna-tourreservation,118,new_pullreq.csv
161,senx/warp10-platform,70,new_pullreq.csv
408,windup/windup,127,new_pullreq.csv
51,STAMP-project/dspot,55,new_pullreq.csv
604,alibaba/druid,267,new_pullreq.csv
264,Avoduhcado/Press-X-to-Win,1,organization.csv
74,pfsense/pfsense,1,organization.csv
230,tencent/tinker,82,new_pullreq.csv
540,jenkinsci/gitlab-plugin,201,new_pullreq.csv
172,shuzheng/zheng,72,new_pullreq.csv
571,inorichi/tachiyomi,231,new_pullreq.csv
211,stanlemon/lemon-app,1,organization.csv
553,apache/nutch,210,new_pullreq.csv
281,demoiselle/behave,91,new_pullreq.csv
1,apache/ambari,1,historical_projects.csv
275,JcFowles/MathCalculators,1,organization.csv
109,jenkinsci/workflow-plugin,1,organization.csv
316,msgpack/msgpack-java,100,new_pullreq.csv
22,togglz/togglz,1,historical_projects.csv
327,mapfish/mapfish-print,102,new_pullreq.csv
131,Angel-ML/angel,67,new_pullreq.csv
439,apache/helix,144,new_pullreq.csv
97,mapbox/rasterio,1,organization.csv
373,Firebase/quickstart-android,116,new_pullreq.csv
53,mozilla/airmozilla,1,organization.csv
25,OpenGamma/Strata,53,new_pullreq.csv
344,jitsi/jitsi,108,new_pullreq.csv
392,hmcts/ethos-repl-docmosis-service,123,new_pullreq.csv
512,CESNET/perun,180,new_pullreq.csv
247,davidcrotty/DependancyInjection,1,organization.csv
225,AlexandreAbraham/movements,1,organization.csv
393,jenkinsci/jira-plugin,123,new_pullreq.csv
671,apache/karaf,380,new_pullreq.csv
719,geotools/geotools,679,new_pullreq.csv
648,pentaho/mondrian,332,new_pullreq.csv
489,kongchen/swagger-maven-plugin,163,new_pullreq.csv
146,elastic/curator,1,organization.csv
122,elastic/apm-agent-java,66,new_pullreq.csv
33,apache/mesos,1,organization.csv
107,apache/deltaspike,64,new_pullreq.csv
25,twitter/twemcache,1,organization.csv
39,apache/hadoop,1,organization.csv
132,apache/skywalking,67,new_pullreq.csv
86,GoogleCloudPlatform/appengine-plugins-core,61,new_pullreq.csv
16,wultra/powerauth-push-server,52,new_pullreq.csv
212,neutrino-git/TelerikAcademy,1,organization.csv
233,gastitan/Criaturas,1,organization.csv
514,prestodb/presto,180,new_pullreq.csv
160,JorisSpekreijse/boekhoud,1,organization.csv
704,Vazkii/Botania,530,new_pullreq.csv
196,rohan1020/songsite,1,organization.csv
313,aikar/commands,100,new_pullreq.csv
294,nawalathar/Lab4_NawalAthar,1,organization.csv
472,GeoWebCache/geowebcache,157,new_pullreq.csv
187,jboss-developer/jboss-jdg-quickstarts,74,new_pullreq.csv
28,apache/sqoop,1,organization.csv
753,pentaho/pentaho-kettle,1436,new_pullreq.csv
217,lmtreser/Python,1,organization.csv
577,debezium/debezium,237,new_pullreq.csv
416,RPTools/maptool,130,new_pullreq.csv
183,streamsets/datacollector,73,new_pullreq.csv
274,teiid/teiid,89,new_pullreq.csv
427,pwm-project/pwm,135,new_pullreq.csv
736,ResurrectionRemix/Resurrection_packages_apps_Settings,884,new_pullreq.csv
663,FasterXML/jackson-databind,356,new_pullreq.csv
202,jeconje/sms,1,organization.csv
10,hector-client/hector,1,historical_projects.csv
574,spotify/docker-client,233,new_pullreq.csv
0,dictionaryshi/ft-web,51,new_pullreq.csv
455,twilio/twilio-java,149,new_pullreq.csv
258,mpaskew/isc-dev,1,organization.csv
123,exonum/exonum-java-binding,66,new_pullreq.csv
352,spring-projects/spring-data-jpa,109,new_pullreq.csv
16,square/okhttp,1,historical_projects.csv
570,jmxtrans/jmxtrans,230,new_pullreq.csv
101,huanghongxun/hmcl,63,new_pullreq.csv
248,jack2606/spotify-voter,1,organization.csv
150,daticomunebologna/opendata,1,organization.csv
610,cloudfoundry/uaa,281,new_pullreq.csv
